Handle,Title,Body (HTML),Vendor,Product Category,Type,Tags,Published,Option1 Name,Option1 Value,Variant SKU,Variant Grams,Variant Inventory Tracker,Variant Inventory Qty,Variant Inventory Policy,Variant Fulfillment Service,Variant Price,Variant Compare At Price,Variant Requires Shipping,Variant Taxable,Image Src,Image Position,Status
radiance-facial-serum,Radiance Facial Serum,"<p>Our award-winning serum combines concentrated Damask rose extract, 10% stabilized Vitamin C, and multi-molecular hyaluronic acid to visibly brighten, smooth texture, and restore youthful luminescence within 14 days.</p>",Lumière Cosmetics,Health & Beauty > Personal Care > Cosmetics > Skin Care,Serum,"bestseller, organic, vegan, vitamin-c",TRUE,Volume,30ml / 1.0 fl oz,LUM-SER-30,120,shopify,45,deny,manual,34.99,45.00,TRUE,TRUE,https://cdn.shopify.com/s/files/1/0000/0001/products/product-serum.jpg,1,active
radiance-facial-serum,Radiance Facial Serum,"<p>Our award-winning serum combines concentrated Damask rose extract, 10% stabilized Vitamin C, and multi-molecular hyaluronic acid to visibly brighten, smooth texture, and restore youthful luminescence within 14 days.</p>",Lumière Cosmetics,Health & Beauty > Personal Care > Cosmetics > Skin Care,Serum,"bestseller, organic, vegan, vitamin-c",TRUE,Volume,50ml / 1.7 fl oz,LUM-SER-50,160,shopify,30,deny,manual,49.99,65.00,TRUE,TRUE,https://cdn.shopify.com/s/files/1/0000/0001/products/product-serum.jpg,2,active
hydrating-day-cream,Hydrating Day Cream,"<p>A velvety whipped day cream that delivers 48-hour continuous hydration with broad-spectrum SPF 15 protection. Infused with ceramides and shea butter to strengthen the natural moisture barrier.</p>",Lumière Cosmetics,Health & Beauty > Personal Care > Cosmetics > Skin Care,Moisturizer,"bestseller, spf, hydrating",TRUE,Volume,50ml / 1.7 fl oz,LUM-CRM-50,180,shopify,62,deny,manual,29.99,38.00,TRUE,TRUE,https://cdn.shopify.com/s/files/1/0000/0001/products/product-cream.jpg,1,active
gentle-face-wash,Gentle Face Wash,"<p>A silky, non-stripping botanical gel cleanser that melts away makeup, pollution, and daily impurities while maintaining delicate barrier pH balance.</p>",Lumière Cosmetics,Health & Beauty > Personal Care > Cosmetics > Skin Care,Cleanser,"bestseller, organic, cleanser",TRUE,Volume,150ml / 5.1 fl oz,LUM-CLN-150,220,shopify,80,deny,manual,19.99,25.00,TRUE,TRUE,https://cdn.shopify.com/s/files/1/0000/0001/products/product-cleanser.jpg,1,active
hydrating-toner,Hydrating Toner,"<p>An alcohol-free essence toner enriched with suspended hand-picked rose petals and calming witch hazel. Restores pH and preps skin for optimal serum absorption.</p>",Lumière Cosmetics,Health & Beauty > Personal Care > Cosmetics > Skin Care,Toner,"bestseller, rose, toner",TRUE,Volume,120ml / 4.0 fl oz,LUM-TNR-120,200,shopify,54,deny,manual,22.99,30.00,TRUE,TRUE,https://cdn.shopify.com/s/files/1/0000/0001/products/product-toner.jpg,1,active
rose-bloom-perfume,Rose Bloom Perfume,"<p>An intoxicating blend of Bulgarian rose, pink peppercorn, and warm amber velvet. A delicate yet memorable signature scent crafted in Grasse, France.</p>",Lumière Cosmetics,Health & Beauty > Personal Care > Cosmetics > Perfumes & Fragrances,Fragrance,"new, luxury, perfume",TRUE,Volume,50ml / 1.7 fl oz,LUM-PRF-50,250,shopify,30,deny,manual,49.99,65.00,TRUE,TRUE,https://cdn.shopify.com/s/files/1/0000/0001/products/product-perfume.jpg,1,active
velvety-night-elixir,Velvety Night Elixir,"<p>A plant-based retinol alternative oil formulated with 2% Bakuchiol, cold-pressed rosehip seed oil, and blue tansy to stimulate overnight collagen regeneration.</p>",Lumière Cosmetics,Health & Beauty > Personal Care > Cosmetics > Skin Care,Face Oil,"nightcare, bakuchiol, anti-aging",TRUE,Volume,30ml / 1.0 fl oz,LUM-ELX-30,120,shopify,38,deny,manual,38.99,50.00,TRUE,TRUE,https://cdn.shopify.com/s/files/1/0000/0001/products/product-serum.jpg,1,active
rose-clay-purifying-mask,Rose Clay Purifying Mask,"<p>Gentle mineral-rich clay mask that pulls out deep pore impurities without drying or cracking skin. Infused with soothing lotus petal essence.</p>",Lumière Cosmetics,Health & Beauty > Personal Care > Cosmetics > Skin Care,Face Mask,"mask, detox, pink-clay",TRUE,Volume,75ml / 2.5 fl oz,LUM-MSK-75,150,shopify,42,deny,manual,21.99,28.00,TRUE,TRUE,https://cdn.shopify.com/s/files/1/0000/0001/products/product-cream.jpg,1,active
botanical-radiance-gift-set,Botanical Radiance Gift Set,"<p>The ultimate luxury pampering box containing full-size Gentle Cleanser, Hydrating Toner, Radiance Facial Serum, and Hydrating Day Cream in an embossed rose-gold gift box.</p>",Lumière Cosmetics,Health & Beauty > Personal Care > Cosmetics > Cosmetic Sets,Gift Set,"gift, luxury, bundle",TRUE,Title,Full Discovery Set,LUM-SET-01,800,shopify,25,deny,manual,79.99,105.00,TRUE,TRUE,https://cdn.shopify.com/s/files/1/0000/0001/products/hero-cosmetics.jpg,1,active
